{
   "obst":{
      "views":[
         [
            {
               "obst":0.0088,
			   "gemuese":0.00409
            },
            {
               "obst":0.00566,
			   "gemuese":0.00409
            }
         ],
         [
            {
               "obst":0.00298,
			   "gemuese":0.00409
            }
         ],
         [
            {
               "obst":0.00311,
			   "gemuese":0.00409
            }
         ],
         [
            {
               "obst":0.00287,
			   "gemuese":0.00409
            }
         ],
         [
            {
               "obst":0.00611,
			   "gemuese":0.00409
            }
         ],
         [
            {
               "obst":0.00585,
			   "gemuese":0.00409
            }
         ],
         [
            {
               "obst":0.00382,
			   "gemuese":0.00409
            },
             {
               "obst":0.00382,
			   "gemuese":0.00409
            }
         ]
      ]
   },
   "gemuese":{
      "views":[
         [
            {
               "obst":0.0088,
			   "gemuese":0.00409
            },
            {
               "obst":0.00566,
			   "gemuese":0.00409
            }
         ],
         [
            {
               "obst":0.00298,
			   "gemuese":0.00409
            }
         ],
         [
            {
               "obst":0.00311,
			   "gemuese":0.00409
            }
         ],
         [
            {
               "obst":0.00287,
			   "gemuese":0.00409
            }
         ],
         [
            {
               "obst":0.00611,
			   "gemuese":0.00409
            }
         ],
         [
            {
               "obst":0.00585,
			   "gemuese":0.00409
            }
         ],
         [
            {
               "obst":0.00382,
			   "gemuese":0.00409
            }
         ]
      ]
   }
}